[
  { "geo": "Etc/GMT+12", "zone": "GMT-12:00" },
  { "geo": "Etc/GMT+11", "zone": "GMT-11:00" },
  { "geo": "Pacific/Midway", "zone": "Samoa Standard Time" },
  { "geo": "Pacific/Niue", "zone": "Niue Time" },
  { "geo": "Pacific/Pago_Pago", "zone": "Samoa Standard Time" },
  { "geo": "Pacific/Samoa", "zone": "Samoa Standard Time" },
  { "geo": "US/Samoa", "zone": "Samoa Standard Time" },
  { "geo": "America/Adak", "zone": "Hawaii-Aleutian Standard Time" },
  { "geo": "America/Atka", "zone": "Hawaii-Aleutian Standard Time" },
  { "geo": "Etc/GMT+10", "zone": "GMT-10:00" },
  { "geo": "HST", "zone": "Hawaii Standard Time" },
  { "geo": "Pacific/Honolulu", "zone": "Hawaii Standard Time" },
  { "geo": "Pacific/Johnston", "zone": "Hawaii Standard Time" },
  { "geo": "Pacific/Rarotonga", "zone": "Cook Is. Time" },
  { "geo": "Pacific/Tahiti", "zone": "Tahiti Time" },
  { "geo": "SystemV/HST10", "zone": "Hawaii Standard Time" },
  { "geo": "US/Aleutian", "zone": "Hawaii-Aleutian Standard Time" },
  { "geo": "US/Hawaii", "zone": "Hawaii Standard Time" },
  { "geo": "Pacific/Marquesas", "zone": "Marquesas Time" },
  { "geo": "AST", "zone": "Alaska Standard Time" },
  { "geo": "America/Anchorage", "zone": "Alaska Standard Time" },
  { "geo": "America/Juneau", "zone": "Alaska Standard Time" },
  { "geo": "America/Nome", "zone": "Alaska Standard Time" },
  { "geo": "America/Sitka", "zone": "GMT-09:00" },
  { "geo": "America/Yakutat", "zone": "Alaska Standard Time" },
  { "geo": "Etc/GMT+9", "zone": "GMT-09:00" },
  { "geo": "Pacific/Gambier", "zone": "Gambier Time" },
  { "geo": "SystemV/YST9", "zone": "Alaska Standard Time" },
  { "geo": "SystemV/YST9YDT", "zone": "Alaska Standard Time" },
  { "geo": "US/Alaska", "zone": "Alaska Standard Time" },
  { "geo": "America/Dawson", "zone": "Pacific Standard Time" },
  { "geo": "America/Ensenada", "zone": "Pacific Standard Time" },
  { "geo": "America/Los_Angeles", "zone": "Pacific Standard Time" },
  { "geo": "America/Metlakatla", "zone": "GMT-08:00" },
  { "geo": "America/Santa_Isabel", "zone": "Pacific Standard Time" },
  { "geo": "America/Tijuana", "zone": "Pacific Standard Time" },
  { "geo": "America/Vancouver", "zone": "Pacific Standard Time" },
  { "geo": "America/Whitehorse", "zone": "Pacific Standard Time" },
  { "geo": "Canada/Pacific", "zone": "Pacific Standard Time" },
  { "geo": "Canada/Yukon", "zone": "Pacific Standard Time" },
  { "geo": "Etc/GMT+8", "zone": "GMT-08:00" },
  { "geo": "Mexico/BajaNorte", "zone": "Pacific Standard Time" },
  { "geo": "PST", "zone": "Pacific Standard Time" },
  { "geo": "PST8PDT", "zone": "Pacific Standard Time" },
  { "geo": "Pacific/Pitcairn", "zone": "Pitcairn Standard Time" },
  { "geo": "SystemV/PST8", "zone": "Pacific Standard Time" },
  { "geo": "SystemV/PST8PDT", "zone": "Pacific Standard Time" },
  { "geo": "US/Pacific", "zone": "Pacific Standard Time" },
  { "geo": "US/Pacific-New", "zone": "Pacific Standard Time" },
  { "geo": "America/Boise", "zone": "Mountain Standard Time" },
  { "geo": "America/Cambridge_Bay", "zone": "Mountain Standard Time" },
  { "geo": "America/Chihuahua", "zone": "Mountain Standard Time" },
  { "geo": "America/Creston", "zone": "GMT-07:00" },
  { "geo": "America/Dawson_Creek", "zone": "Mountain Standard Time" },
  { "geo": "America/Denver", "zone": "Mountain Standard Time" },
  { "geo": "America/Edmonton", "zone": "Mountain Standard Time" },
  { "geo": "America/Hermosillo", "zone": "Mountain Standard Time" },
  { "geo": "America/Inuvik", "zone": "Mountain Standard Time" },
  { "geo": "America/Mazatlan", "zone": "Mountain Standard Time" },
  { "geo": "America/Ojinaga", "zone": "Mountain Standard Time" },
  { "geo": "America/Phoenix", "zone": "Mountain Standard Time" },
  { "geo": "America/Shiprock", "zone": "Mountain Standard Time" },
  { "geo": "America/Yellowknife", "zone": "Mountain Standard Time" },
  { "geo": "Canada/Mountain", "zone": "Mountain Standard Time" },
  { "geo": "Etc/GMT+7", "zone": "GMT-07:00" },
  { "geo": "MST", "zone": "Mountain Standard Time" },
  { "geo": "MST7MDT", "zone": "Mountain Standard Time" },
  { "geo": "Mexico/BajaSur", "zone": "Mountain Standard Time" },
  { "geo": "Navajo", "zone": "Mountain Standard Time" },
  { "geo": "PNT", "zone": "Mountain Standard Time" },
  { "geo": "SystemV/MST7", "zone": "Mountain Standard Time" },
  { "geo": "SystemV/MST7MDT", "zone": "Mountain Standard Time" },
  { "geo": "US/Arizona", "zone": "Mountain Standard Time" },
  { "geo": "US/Mountain", "zone": "Mountain Standard Time" },
  { "geo": "America/Bahia_Banderas", "zone": "GMT-06:00" },
  { "geo": "America/Belize", "zone": "Central Standard Time" },
  { "geo": "America/Cancun", "zone": "Central Standard Time" },
  { "geo": "America/Chicago", "zone": "Central Standard Time" },
  { "geo": "America/Costa_Rica", "zone": "Central Standard Time" },
  { "geo": "America/El_Salvador", "zone": "Central Standard Time" },
  { "geo": "America/Guatemala", "zone": "Central Standard Time" },
  { "geo": "America/Indiana/Knox", "zone": "Central Standard Time" },
  { "geo": "America/Indiana/Tell_City", "zone": "Central Standard Time" },
  { "geo": "America/Knox_IN", "zone": "Central Standard Time" },
  { "geo": "America/Managua", "zone": "Central Standard Time" },
  { "geo": "America/Matamoros", "zone": "Central Standard Time" },
  { "geo": "America/Menominee", "zone": "Central Standard Time" },
  { "geo": "America/Merida", "zone": "Central Standard Time" },
  { "geo": "America/Mexico_City", "zone": "Central Standard Time" },
  { "geo": "America/Monterrey", "zone": "Central Standard Time" },
  { "geo": "America/North_Dakota/Beulah", "zone": "GMT-06:00" },
  { "geo": "America/North_Dakota/Center", "zone": "Central Standard Time" },
  { "geo": "America/North_Dakota/New_Salem", "zone": "Central Standard Time" },
  { "geo": "America/Rainy_River", "zone": "Central Standard Time" },
  { "geo": "America/Rankin_Inlet", "zone": "Central Standard Time" },
  { "geo": "America/Regina", "zone": "Central Standard Time" },
  { "geo": "America/Resolute", "zone": "Eastern Standard Time" },
  { "geo": "America/Swift_Current", "zone": "Central Standard Time" },
  { "geo": "America/Tegucigalpa", "zone": "Central Standard Time" },
  { "geo": "America/Winnipeg", "zone": "Central Standard Time" },
  { "geo": "CST", "zone": "Central Standard Time" },
  { "geo": "CST6CDT", "zone": "Central Standard Time" },
  { "geo": "Canada/Central", "zone": "Central Standard Time" },
  { "geo": "Canada/East-Saskatchewan", "zone": "Central Standard Time" },
  { "geo": "Canada/Saskatchewan", "zone": "Central Standard Time" },
  { "geo": "Chile/EasterIsland", "zone": "Easter Is. Time" },
  { "geo": "Etc/GMT+6", "zone": "GMT-06:00" },
  { "geo": "Mexico/General", "zone": "Central Standard Time" },
  { "geo": "Pacific/Easter", "zone": "Easter Is. Time" },
  { "geo": "Pacific/Galapagos", "zone": "Galapagos Time" },
  { "geo": "SystemV/CST6", "zone": "Central Standard Time" },
  { "geo": "SystemV/CST6CDT", "zone": "Central Standard Time" },
  { "geo": "US/Central", "zone": "Central Standard Time" },
  { "geo": "US/Indiana-Starke", "zone": "Central Standard Time" },
  { "geo": "America/Atikokan", "zone": "Eastern Standard Time" },
  { "geo": "America/Bogota", "zone": "Colombia Time" },
  { "geo": "America/Cayman", "zone": "Eastern Standard Time" },
  { "geo": "America/Coral_Harbour", "zone": "Eastern Standard Time" },
  { "geo": "America/Detroit", "zone": "Eastern Standard Time" },
  { "geo": "America/Fort_Wayne", "zone": "Eastern Standard Time" },
  { "geo": "America/Grand_Turk", "zone": "Eastern Standard Time" },
  { "geo": "America/Guayaquil", "zone": "Ecuador Time" },
  { "geo": "America/Havana", "zone": "Cuba Standard Time" },
  { "geo": "America/Indiana/Indianapolis", "zone": "Eastern Standard Time" },
  { "geo": "America/Indiana/Marengo", "zone": "Eastern Standard Time" },
  { "geo": "America/Indiana/Petersburg", "zone": "Eastern Standard Time" },
  { "geo": "America/Indiana/Vevay", "zone": "Eastern Standard Time" },
  { "geo": "America/Indiana/Vincennes", "zone": "Eastern Standard Time" },
  { "geo": "America/Indiana/Winamac", "zone": "Eastern Standard Time" },
  { "geo": "America/Indianapolis", "zone": "Eastern Standard Time" },
  { "geo": "America/Iqaluit", "zone": "Eastern Standard Time" },
  { "geo": "America/Jamaica", "zone": "Eastern Standard Time" },
  { "geo": "America/Kentucky/Louisville", "zone": "Eastern Standard Time" },
  { "geo": "America/Kentucky/Monticello", "zone": "Eastern Standard Time" },
  { "geo": "America/Lima", "zone": "Peru Time" },
  { "geo": "America/Louisville", "zone": "Eastern Standard Time" },
  { "geo": "America/Montreal", "zone": "Eastern Standard Time" },
  { "geo": "America/Nassau", "zone": "Eastern Standard Time" },
  { "geo": "America/New_York", "zone": "Eastern Standard Time" },
  { "geo": "America/Nipigon", "zone": "Eastern Standard Time" },
  { "geo": "America/Panama", "zone": "Eastern Standard Time" },
  { "geo": "America/Pangnirtung", "zone": "Eastern Standard Time" },
  { "geo": "America/Port-au-Prince", "zone": "Eastern Standard Time" },
  { "geo": "America/Thunder_Bay", "zone": "Eastern Standard Time" },
  { "geo": "America/Toronto", "zone": "Eastern Standard Time" },
  { "geo": "Canada/Eastern", "zone": "Eastern Standard Time" },
  { "geo": "Cuba", "zone": "Cuba Standard Time" },
  { "geo": "EST", "zone": "Eastern Standard Time" },
  { "geo": "EST5EDT", "zone": "Eastern Standard Time" },
  { "geo": "Etc/GMT+5", "zone": "GMT-05:00" },
  { "geo": "IET", "zone": "Eastern Standard Time" },
  { "geo": "Jamaica", "zone": "Eastern Standard Time" },
  { "geo": "SystemV/EST5", "zone": "Eastern Standard Time" },
  { "geo": "SystemV/EST5EDT", "zone": "Eastern Standard Time" },
  { "geo": "US/East-Indiana", "zone": "Eastern Standard Time" },
  { "geo": "US/Eastern", "zone": "Eastern Standard Time" },
  { "geo": "US/Michigan", "zone": "Eastern Standard Time" },
  { "geo": "America/Caracas", "zone": "Venezuela Time" },
  { "geo": "America/Anguilla", "zone": "Atlantic Standard Time" },
  { "geo": "America/Antigua", "zone": "Atlantic Standard Time" },
  { "geo": "America/Argentina/San_Luis", "zone": "Western Argentine Time" },
  { "geo": "America/Aruba", "zone": "Atlantic Standard Time" },
  { "geo": "America/Asuncion", "zone": "Paraguay Time" },
  { "geo": "America/Barbados", "zone": "Atlantic Standard Time" },
  { "geo": "America/Blanc-Sablon", "zone": "Atlantic Standard Time" },
  { "geo": "America/Boa_Vista", "zone": "Amazon Time" },
  { "geo": "America/Campo_Grande", "zone": "Amazon Time" },
  { "geo": "America/Cuiaba", "zone": "Amazon Time" },
  { "geo": "America/Curacao", "zone": "Atlantic Standard Time" },
  { "geo": "America/Dominica", "zone": "Atlantic Standard Time" },
  { "geo": "America/Eirunepe", "zone": "Amazon Time" },
  { "geo": "America/Glace_Bay", "zone": "Atlantic Standard Time" },
  { "geo": "America/Goose_Bay", "zone": "Atlantic Standard Time" },
  { "geo": "America/Grenada", "zone": "Atlantic Standard Time" },
  { "geo": "America/Guadeloupe", "zone": "Atlantic Standard Time" },
  { "geo": "America/Guyana", "zone": "Guyana Time" },
  { "geo": "America/Halifax", "zone": "Atlantic Standard Time" },
  { "geo": "America/Kralendijk", "zone": "GMT-04:00" },
  { "geo": "America/La_Paz", "zone": "Bolivia Time" },
  { "geo": "America/Lower_Princes", "zone": "GMT-04:00" },
  { "geo": "America/Manaus", "zone": "Amazon Time" },
  { "geo": "America/Marigot", "zone": "Atlantic Standard Time" },
  { "geo": "America/Martinique", "zone": "Atlantic Standard Time" },
  { "geo": "America/Moncton", "zone": "Atlantic Standard Time" },
  { "geo": "America/Montserrat", "zone": "Atlantic Standard Time" },
  { "geo": "America/Port_of_Spain", "zone": "Atlantic Standard Time" },
  { "geo": "America/Porto_Acre", "zone": "Amazon Time" },
  { "geo": "America/Porto_Velho", "zone": "Amazon Time" },
  { "geo": "America/Puerto_Rico", "zone": "Atlantic Standard Time" },
  { "geo": "America/Rio_Branco", "zone": "Amazon Time" },
  { "geo": "America/Santiago", "zone": "Chile Time" },
  { "geo": "America/Santo_Domingo", "zone": "Atlantic Standard Time" },
  { "geo": "America/St_Barthelemy", "zone": "Atlantic Standard Time" },
  { "geo": "America/St_Kitts", "zone": "Atlantic Standard Time" },
  { "geo": "America/St_Lucia", "zone": "Atlantic Standard Time" },
  { "geo": "America/St_Thomas", "zone": "Atlantic Standard Time" },
  { "geo": "America/St_Vincent", "zone": "Atlantic Standard Time" },
  { "geo": "America/Thule", "zone": "Atlantic Standard Time" },
  { "geo": "America/Tortola", "zone": "Atlantic Standard Time" },
  { "geo": "America/Virgin", "zone": "Atlantic Standard Time" },
  { "geo": "Antarctica/Palmer", "zone": "Chile Time" },
  { "geo": "Atlantic/Bermuda", "zone": "Atlantic Standard Time" },
  { "geo": "Brazil/Acre", "zone": "Amazon Time" },
  { "geo": "Brazil/West", "zone": "Amazon Time" },
  { "geo": "Canada/Atlantic", "zone": "Atlantic Standard Time" },
  { "geo": "Chile/Continental", "zone": "Chile Time" },
  { "geo": "Etc/GMT+4", "zone": "GMT-04:00" },
  { "geo": "PRT", "zone": "Atlantic Standard Time" },
  { "geo": "SystemV/AST4", "zone": "Atlantic Standard Time" },
  { "geo": "SystemV/AST4ADT", "zone": "Atlantic Standard Time" },
  { "geo": "America/St_Johns", "zone": "Newfoundland Standard Time" },
  { "geo": "CNT", "zone": "Newfoundland Standard Time" },
  { "geo": "Canada/Newfoundland", "zone": "Newfoundland Standard Time" },
  { "geo": "AGT", "zone": "Argentine Time" },
  { "geo": "America/Araguaina", "zone": "Brasilia Time" },
  { "geo": "America/Argentina/Buenos_Aires", "zone": "Argentine Time" },
  { "geo": "America/Argentina/Catamarca", "zone": "Argentine Time" },
  { "geo": "America/Argentina/ComodRivadavia", "zone": "Argentine Time" },
  { "geo": "America/Argentina/Cordoba", "zone": "Argentine Time" },
  { "geo": "America/Argentina/Jujuy", "zone": "Argentine Time" },
  { "geo": "America/Argentina/La_Rioja", "zone": "Argentine Time" },
  { "geo": "America/Argentina/Mendoza", "zone": "Argentine Time" },
  { "geo": "America/Argentina/Rio_Gallegos", "zone": "Argentine Time" },
  { "geo": "America/Argentina/Salta", "zone": "Argentine Time" },
  { "geo": "America/Argentina/San_Juan", "zone": "Argentine Time" },
  { "geo": "America/Argentina/Tucuman", "zone": "Argentine Time" },
  { "geo": "America/Argentina/Ushuaia", "zone": "Argentine Time" },
  { "geo": "America/Bahia", "zone": "Brasilia Time" },
  { "geo": "America/Belem", "zone": "Brasilia Time" },
  { "geo": "America/Buenos_Aires", "zone": "Argentine Time" },
  { "geo": "America/Catamarca", "zone": "Argentine Time" },
  { "geo": "America/Cayenne", "zone": "French Guiana Time" },
  { "geo": "America/Cordoba", "zone": "Argentine Time" },
  { "geo": "America/Fortaleza", "zone": "Brasilia Time" },
  { "geo": "America/Godthab", "zone": "Western Greenland Time" },
  { "geo": "America/Jujuy", "zone": "Argentine Time" },
  { "geo": "America/Maceio", "zone": "Brasilia Time" },
  { "geo": "America/Mendoza", "zone": "Argentine Time" },
  { "geo": "America/Miquelon", "zone": "Pierre & Miquelon Standard Time" },
  { "geo": "America/Montevideo", "zone": "Uruguay Time" },
  { "geo": "America/Paramaribo", "zone": "Surigeo Time" },
  { "geo": "America/Recife", "zone": "Brasilia Time" },
  { "geo": "America/Rosario", "zone": "Argentine Time" },
  { "geo": "America/Santarem", "zone": "Brasilia Time" },
  { "geo": "America/Sao_Paulo", "zone": "Brasilia Time" },
  { "geo": "Antarctica/Rothera", "zone": "Rothera Time" },
  { "geo": "Atlantic/Stanley", "zone": "Falkland Is. Time" },
  { "geo": "BET", "zone": "Brasilia Time" },
  { "geo": "Brazil/East", "zone": "Brasilia Time" },
  { "geo": "Etc/GMT+3", "zone": "GMT-03:00" },
  { "geo": "America/Noronha", "zone": "Fernando de Noronha Time" },
  { "geo": "Atlantic/South_Georgia", "zone": "South Georgia Standard Time" },
  { "geo": "Brazil/DeNoronha", "zone": "Fernando de Noronha Time" },
  { "geo": "Etc/GMT+2", "zone": "GMT-02:00" },
  { "geo": "America/Scoresbysund", "zone": "Eastern Greenland Time" },
  { "geo": "Atlantic/Azores", "zone": "Azores Time" },
  { "geo": "Atlantic/Cape_Verde", "zone": "Cape Verde Time" },
  { "geo": "Etc/GMT+1", "zone": "GMT-01:00" },
  { "geo": "Africa/Abidjan", "zone": "Greenwich Mean Time" },
  { "geo": "Africa/Accra", "zone": "Ghana Mean Time" },
  { "geo": "Africa/Bamako", "zone": "Greenwich Mean Time" },
  { "geo": "Africa/Banjul", "zone": "Greenwich Mean Time" },
  { "geo": "Africa/Bissau", "zone": "Greenwich Mean Time" },
  { "geo": "Africa/Casablanca", "zone": "Western European Time" },
  { "geo": "Africa/Conakry", "zone": "Greenwich Mean Time" },
  { "geo": "Africa/Dakar", "zone": "Greenwich Mean Time" },
  { "geo": "Africa/El_Aaiun", "zone": "Western European Time" },
  { "geo": "Africa/Freetown", "zone": "Greenwich Mean Time" },
  { "geo": "Africa/Lome", "zone": "Greenwich Mean Time" },
  { "geo": "Africa/Monrovia", "zone": "Greenwich Mean Time" },
  { "geo": "Africa/Nouakchott", "zone": "Greenwich Mean Time" },
  { "geo": "Africa/Ouagadougou", "zone": "Greenwich Mean Time" },
  { "geo": "Africa/Sao_Tome", "zone": "Greenwich Mean Time" },
  { "geo": "Africa/Timbuktu", "zone": "Greenwich Mean Time" },
  { "geo": "America/Danmarkshavn", "zone": "Greenwich Mean Time" },
  { "geo": "Atlantic/Canary", "zone": "Western European Time" },
  { "geo": "Atlantic/Faeroe", "zone": "Western European Time" },
  { "geo": "Atlantic/Faroe", "zone": "Western European Time" },
  { "geo": "Atlantic/Madeira", "zone": "Western European Time" },
  { "geo": "Atlantic/Reykjavik", "zone": "Greenwich Mean Time" },
  { "geo": "Atlantic/St_Helena", "zone": "Greenwich Mean Time" },
  { "geo": "Eire", "zone": "Greenwich Mean Time" },
  { "geo": "Etc/GMT", "zone": "GMT+00:00" },
  { "geo": "Etc/GMT+0", "zone": "GMT+00:00" },
  { "geo": "Etc/GMT-0", "zone": "GMT+00:00" },
  { "geo": "Etc/GMT0", "zone": "GMT+00:00" },
  { "geo": "Etc/Greenwich", "zone": "Greenwich Mean Time" },
  { "geo": "Etc/UCT", "zone": "Coordinated Universal Time" },
  { "geo": "Etc/UTC", "zone": "Coordinated Universal Time" },
  { "geo": "Etc/Universal", "zone": "Coordinated Universal Time" },
  { "geo": "Etc/Zulu", "zone": "Coordinated Universal Time" },
  { "geo": "Europe/Belfast", "zone": "Greenwich Mean Time" },
  { "geo": "Europe/Dublin", "zone": "Greenwich Mean Time" },
  { "geo": "Europe/Guernsey", "zone": "Greenwich Mean Time" },
  { "geo": "Europe/Isle_of_Man", "zone": "Greenwich Mean Time" },
  { "geo": "Europe/Jersey", "zone": "Greenwich Mean Time" },
  { "geo": "Europe/Lisbon", "zone": "Western European Time" },
  { "geo": "Europe/London", "zone": "Greenwich Mean Time" },
  { "geo": "GB", "zone": "Greenwich Mean Time" },
  { "geo": "GB-Eire", "zone": "Greenwich Mean Time" },
  { "geo": "GMT", "zone": "Greenwich Mean Time" },
  { "geo": "GMT0", "zone": "GMT+00:00" },
  { "geo": "Greenwich", "zone": "Greenwich Mean Time" },
  { "geo": "Iceland", "zone": "Greenwich Mean Time" },
  { "geo": "Portugal", "zone": "Western European Time" },
  { "geo": "UCT", "zone": "Coordinated Universal Time" },
  { "geo": "UTC", "zone": "Coordinated Universal Time" },
  { "geo": "Universal", "zone": "Coordinated Universal Time" },
  { "geo": "WET", "zone": "Western European Time" },
  { "geo": "Zulu", "zone": "Coordinated Universal Time" },
  { "geo": "Africa/Algiers", "zone": "Central European Time" },
  { "geo": "Africa/Bangui", "zone": "Western African Time" },
  { "geo": "Africa/Brazzaville", "zone": "Western African Time" },
  { "geo": "Africa/Ceuta", "zone": "Central European Time" },
  { "geo": "Africa/Douala", "zone": "Western African Time" },
  { "geo": "Africa/Kinshasa", "zone": "Western African Time" },
  { "geo": "Africa/Lagos", "zone": "Western African Time" },
  { "geo": "Africa/Libreville", "zone": "Western African Time" },
  { "geo": "Africa/Luanda", "zone": "Western African Time" },
  { "geo": "Africa/Malabo", "zone": "Western African Time" },
  { "geo": "Africa/Ndjamena", "zone": "Western African Time" },
  { "geo": "Africa/Niamey", "zone": "Western African Time" },
  { "geo": "Africa/Porto-Novo", "zone": "Western African Time" },
  { "geo": "Africa/Tripoli", "zone": "Eastern European Time" },
  { "geo": "Africa/Tunis", "zone": "Central European Time" },
  { "geo": "Africa/Windhoek", "zone": "Western African Time" },
  { "geo": "Arctic/Longyearbyen", "zone": "Central European Time" },
  { "geo": "Atlantic/Jan_Mayen", "zone": "Central European Time" },
  { "geo": "CET", "zone": "Central European Time" },
  { "geo": "ECT", "zone": "Central European Time" },
  { "geo": "Etc/GMT-1", "zone": "GMT+01:00" },
  { "geo": "Europe/Amsterdam", "zone": "Central European Time" },
  { "geo": "Europe/Andorra", "zone": "Central European Time" },
  { "geo": "Europe/Belgrade", "zone": "Central European Time" },
  { "geo": "Europe/Berlin", "zone": "Central European Time" },
  { "geo": "Europe/Bratislava", "zone": "Central European Time" },
  { "geo": "Europe/Brussels", "zone": "Central European Time" },
  { "geo": "Europe/Budapest", "zone": "Central European Time" },
  { "geo": "Europe/Busingen", "zone": "GMT+01:00" },
  { "geo": "Europe/Copenhagen", "zone": "Central European Time" },
  { "geo": "Europe/Gibraltar", "zone": "Central European Time" },
  { "geo": "Europe/Ljubljana", "zone": "Central European Time" },
  { "geo": "Europe/Luxembourg", "zone": "Central European Time" },
  { "geo": "Europe/Madrid", "zone": "Central European Time" },
  { "geo": "Europe/Malta", "zone": "Central European Time" },
  { "geo": "Europe/Monaco", "zone": "Central European Time" },
  { "geo": "Europe/Oslo", "zone": "Central European Time" },
  { "geo": "Europe/Paris", "zone": "Central European Time" },
  { "geo": "Europe/Podgorica", "zone": "Central European Time" },
  { "geo": "Europe/Prague", "zone": "Central European Time" },
  { "geo": "Europe/Rome", "zone": "Central European Time" },
  { "geo": "Europe/San_Marino", "zone": "Central European Time" },
  { "geo": "Europe/Sarajevo", "zone": "Central European Time" },
  { "geo": "Europe/Skopje", "zone": "Central European Time" },
  { "geo": "Europe/Stockholm", "zone": "Central European Time" },
  { "geo": "Europe/Tirane", "zone": "Central European Time" },
  { "geo": "Europe/Vaduz", "zone": "Central European Time" },
  { "geo": "Europe/Vatican", "zone": "Central European Time" },
  { "geo": "Europe/Vienna", "zone": "Central European Time" },
  { "geo": "Europe/Warsaw", "zone": "Central European Time" },
  { "geo": "Europe/Zagreb", "zone": "Central European Time" },
  { "geo": "Europe/Zurich", "zone": "Central European Time" },
  { "geo": "Libya", "zone": "Eastern European Time" },
  { "geo": "MET", "zone": "Middle Europe Time" },
  { "geo": "ART", "zone": "Eastern European Time" },
  { "geo": "Africa/Blantyre", "zone": "Central African Time" },
  { "geo": "Africa/Bujumbura", "zone": "Central African Time" },
  { "geo": "Africa/Cairo", "zone": "Eastern European Time" },
  { "geo": "Africa/Gaborone", "zone": "Central African Time" },
  { "geo": "Africa/Harare", "zone": "Central African Time" },
  { "geo": "Africa/Johannesburg", "zone": "South Africa Standard Time" },
  { "geo": "Africa/Kigali", "zone": "Central African Time" },
  { "geo": "Africa/Lubumbashi", "zone": "Central African Time" },
  { "geo": "Africa/Lusaka", "zone": "Central African Time" },
  { "geo": "Africa/Maputo", "zone": "Central African Time" },
  { "geo": "Africa/Maseru", "zone": "South Africa Standard Time" },
  { "geo": "Africa/Mbabane", "zone": "South Africa Standard Time" },
  { "geo": "Asia/Amman", "zone": "Eastern European Time" },
  { "geo": "Asia/Beirut", "zone": "Eastern European Time" },
  { "geo": "Asia/Damascus", "zone": "Eastern European Time" },
  { "geo": "Asia/Gaza", "zone": "Eastern European Time" },
  { "geo": "Asia/Hebron", "zone": "GMT+02:00" },
  { "geo": "Asia/Istanbul", "zone": "Eastern European Time" },
  { "geo": "Asia/Jerusalem", "zone": "Israel Standard Time" },
  { "geo": "Asia/Nicosia", "zone": "Eastern European Time" },
  { "geo": "Asia/Tel_Aviv", "zone": "Israel Standard Time" },
  { "geo": "CAT", "zone": "Central African Time" },
  { "geo": "EET", "zone": "Eastern European Time" },
  { "geo": "Egypt", "zone": "Eastern European Time" },
  { "geo": "Etc/GMT-2", "zone": "GMT+02:00" },
  { "geo": "Europe/Athens", "zone": "Eastern European Time" },
  { "geo": "Europe/Bucharest", "zone": "Eastern European Time" },
  { "geo": "Europe/Chisinau", "zone": "Eastern European Time" },
  { "geo": "Europe/Helsinki", "zone": "Eastern European Time" },
  { "geo": "Europe/Istanbul", "zone": "Eastern European Time" },
  { "geo": "Europe/Kiev", "zone": "Eastern European Time" },
  { "geo": "Europe/Mariehamn", "zone": "Eastern European Time" },
  { "geo": "Europe/Nicosia", "zone": "Eastern European Time" },
  { "geo": "Europe/Riga", "zone": "Eastern European Time" },
  { "geo": "Europe/Simferopol", "zone": "Eastern European Time" },
  { "geo": "Europe/Sofia", "zone": "Eastern European Time" },
  { "geo": "Europe/Tallinn", "zone": "Eastern European Time" },
  { "geo": "Europe/Tiraspol", "zone": "Eastern European Time" },
  { "geo": "Europe/Uzhgorod", "zone": "Eastern European Time" },
  { "geo": "Europe/Vilnius", "zone": "Eastern European Time" },
  { "geo": "Europe/Zaporozhye", "zone": "Eastern European Time" },
  { "geo": "Israel", "zone": "Israel Standard Time" },
  { "geo": "Turkey", "zone": "Eastern European Time" },
  { "geo": "Africa/Addis_Ababa", "zone": "Eastern African Time" },
  { "geo": "Africa/Asmara", "zone": "Eastern African Time" },
  { "geo": "Africa/Asmera", "zone": "Eastern African Time" },
  { "geo": "Africa/Dar_es_Salaam", "zone": "Eastern African Time" },
  { "geo": "Africa/Djibouti", "zone": "Eastern African Time" },
  { "geo": "Africa/Juba", "zone": "GMT+03:00" },
  { "geo": "Africa/Kampala", "zone": "Eastern African Time" },
  { "geo": "Africa/Khartoum", "zone": "Eastern African Time" },
  { "geo": "Africa/Mogadishu", "zone": "Eastern African Time" },
  { "geo": "Africa/Nairobi", "zone": "Eastern African Time" },
  { "geo": "Antarctica/Syowa", "zone": "Syowa Time" },
  { "geo": "Asia/Aden", "zone": "Arabia Standard Time" },
  { "geo": "Asia/Baghdad", "zone": "Arabia Standard Time" },
  { "geo": "Asia/Bahrain", "zone": "Arabia Standard Time" },
  { "geo": "Asia/Kuwait", "zone": "Arabia Standard Time" },
  { "geo": "Asia/Qatar", "zone": "Arabia Standard Time" },
  { "geo": "Asia/Riyadh", "zone": "Arabia Standard Time" },
  { "geo": "EAT", "zone": "Eastern African Time" },
  { "geo": "Etc/GMT-3", "zone": "GMT+03:00" },
  { "geo": "Europe/Kaliningrad", "zone": "Eastern European Time" },
  { "geo": "Europe/Minsk", "zone": "Eastern European Time" },
  { "geo": "Indian/Antananarivo", "zone": "Eastern African Time" },
  { "geo": "Indian/Comoro", "zone": "Eastern African Time" },
  { "geo": "Indian/Mayotte", "zone": "Eastern African Time" },
  { "geo": "Asia/Riyadh87", "zone": "GMT+03:07" },
  { "geo": "Asia/Riyadh88", "zone": "GMT+03:07" },
  { "geo": "Asia/Riyadh89", "zone": "GMT+03:07" },
  { "geo": "Mideast/Riyadh87", "zone": "GMT+03:07" },
  { "geo": "Mideast/Riyadh88", "zone": "GMT+03:07" },
  { "geo": "Mideast/Riyadh89", "zone": "GMT+03:07" },
  { "geo": "Asia/Tehran", "zone": "Iran Standard Time" },
  { "geo": "Iran", "zone": "Iran Standard Time" },
  { "geo": "Asia/Baku", "zone": "Azerbaijan Time" },
  { "geo": "Asia/Dubai", "zone": "Gulf Standard Time" },
  { "geo": "Asia/Muscat", "zone": "Gulf Standard Time" },
  { "geo": "Asia/Tbilisi", "zone": "Georgia Time" },
  { "geo": "Asia/Yerevan", "zone": "Armenia Time" },
  { "geo": "Etc/GMT-4", "zone": "GMT+04:00" },
  { "geo": "Europe/Moscow", "zone": "Moscow Standard Time" },
  { "geo": "Europe/Samara", "zone": "Samara Time" },
  { "geo": "Europe/Volgograd", "zone": "Volgograd Time" },
  { "geo": "Indian/Mahe", "zone": "Seychelles Time" },
  { "geo": "Indian/Mauritius", "zone": "Mauritius Time" },
  { "geo": "Indian/Reunion", "zone": "Reunion Time" },
  { "geo": "NET", "zone": "Armenia Time" },
  { "geo": "W-SU", "zone": "Moscow Standard Time" },
  { "geo": "Asia/Kabul", "zone": "Afghanistan Time" },
  { "geo": "Antarctica/Mawson", "zone": "Mawson Time" },
  { "geo": "Asia/Aqtau", "zone": "Aqtau Time" },
  { "geo": "Asia/Aqtobe", "zone": "Aqtobe Time" },
  { "geo": "Asia/Ashgabat", "zone": "Turkmenistan Time" },
  { "geo": "Asia/Ashkhabad", "zone": "Turkmenistan Time" },
  { "geo": "Asia/Dushanbe", "zone": "Tajikistan Time" },
  { "geo": "Asia/Karachi", "zone": "Pakistan Time" },
  { "geo": "Asia/Oral", "zone": "Oral Time" },
  { "geo": "Asia/Samarkand", "zone": "Uzbekistan Time" },
  { "geo": "Asia/Tashkent", "zone": "Uzbekistan Time" },
  { "geo": "Etc/GMT-5", "zone": "GMT+05:00" },
  { "geo": "Indian/Kerguelen", "zone": "French Southern & Antarctic Lands Time" },
  { "geo": "Indian/Maldives", "zone": "Maldives Time" },
  { "geo": "PLT", "zone": "Pakistan Time" },
  { "geo": "Asia/Calcutta", "zone": "India Standard Time" },
  { "geo": "Asia/Colombo", "zone": "India Standard Time" },
  { "geo": "Asia/Kolkata", "zone": "India Standard Time" },
  { "geo": "IST", "zone": "India Standard Time" },
  { "geo": "Asia/Kathmandu", "zone": "Nepal Time" },
  { "geo": "Asia/Katmandu", "zone": "Nepal Time" },
  { "geo": "Antarctica/Vostok", "zone": "Vostok Time" },
  { "geo": "Asia/Almaty", "zone": "Alma-Ata Time" },
  { "geo": "Asia/Bishkek", "zone": "Kirgizstan Time" },
  { "geo": "Asia/Dacca", "zone": "Bangladesh Time" },
  { "geo": "Asia/Dhaka", "zone": "Bangladesh Time" },
  { "geo": "Asia/Qyzylorda", "zone": "Qyzylorda Time" },
  { "geo": "Asia/Thimbu", "zone": "Bhutan Time" },
  { "geo": "Asia/Thimphu", "zone": "Bhutan Time" },
  { "geo": "Asia/Yekaterinburg", "zone": "Yekaterinburg Time" },
  { "geo": "BST", "zone": "Bangladesh Time" },
  { "geo": "Etc/GMT-6", "zone": "GMT+06:00" },
  { "geo": "Indian/Chagos", "zone": "Indian Ocean Territory Time" },
  { "geo": "Asia/Rangoon", "zone": "Myanmar Time" },
  { "geo": "Indian/Cocos", "zone": "Cocos Islands Time" },
  { "geo": "Antarctica/Davis", "zone": "Davis Time" },
  { "geo": "Asia/Bangkok", "zone": "Indochina Time" },
  { "geo": "Asia/Ho_Chi_Minh", "zone": "Indochina Time" },
  { "geo": "Asia/Hovd", "zone": "Hovd Time" },
  { "geo": "Asia/Jakarta", "zone": "West Indonesia Time" },
  { "geo": "Asia/Novokuznetsk", "zone": "Novosibirsk Time" },
  { "geo": "Asia/Novosibirsk", "zone": "Novosibirsk Time" },
  { "geo": "Asia/Omsk", "zone": "Omsk Time" },
  { "geo": "Asia/Phnom_Penh", "zone": "Indochina Time" },
  { "geo": "Asia/Pontianak", "zone": "West Indonesia Time" },
  { "geo": "Asia/Saigon", "zone": "Indochina Time" },
  { "geo": "Asia/Vientiane", "zone": "Indochina Time" },
  { "geo": "Etc/GMT-7", "zone": "GMT+07:00" },
  { "geo": "Indian/Christmas", "zone": "Christmas Island Time" },
  { "geo": "VST", "zone": "Indochina Time" },
  { "geo": "Antarctica/Casey", "zone": "Western Standard Time (Australia)" },
  { "geo": "Asia/Brunei", "zone": "Brunei Time" },
  { "geo": "Asia/Choibalsan", "zone": "Choibalsan Time" },
  { "geo": "Asia/Chongqing", "zone": "China Standard Time" },
  { "geo": "Asia/Chungking", "zone": "China Standard Time" },
  { "geo": "Asia/Harbin", "zone": "China Standard Time" },
  { "geo": "Asia/Hong_Kong", "zone": "Hong Kong Time" },
  { "geo": "Asia/Kashgar", "zone": "China Standard Time" },
  { "geo": "Asia/Krasnoyarsk", "zone": "Krasnoyarsk Time" },
  { "geo": "Asia/Kuala_Lumpur", "zone": "Malaysia Time" },
  { "geo": "Asia/Kuching", "zone": "Malaysia Time" },
  { "geo": "Asia/Macao", "zone": "China Standard Time" },
  { "geo": "Asia/Macau", "zone": "China Standard Time" },
  { "geo": "Asia/Makassar", "zone": "Central Indonesia Time" },
  { "geo": "Asia/Manila", "zone": "Philippines Time" },
  { "geo": "Asia/Shanghai", "zone": "China Standard Time" },
  { "geo": "Asia/Singapore", "zone": "Singapore Time" },
  { "geo": "Asia/Taipei", "zone": "China Standard Time" },
  { "geo": "Asia/Ujung_Pandang", "zone": "Central Indonesia Time" },
  { "geo": "Asia/Ulaanbaatar", "zone": "Ulaanbaatar Time" },
  { "geo": "Asia/Ulan_Bator", "zone": "Ulaanbaatar Time" },
  { "geo": "Asia/Urumqi", "zone": "China Standard Time" },
  { "geo": "Australia/Perth", "zone": "Western Standard Time (Australia)" },
  { "geo": "Australia/West", "zone": "Western Standard Time (Australia)" },
  { "geo": "CTT", "zone": "China Standard Time" },
  { "geo": "Etc/GMT-8", "zone": "GMT+08:00" },
  { "geo": "Hongkong", "zone": "Hong Kong Time" },
  { "geo": "PRC", "zone": "China Standard Time" },
  { "geo": "Singapore", "zone": "Singapore Time" },
  { "geo": "Australia/Eucla", "zone": "Central Western Standard Time (Australia)" },
  { "geo": "Asia/Dili", "zone": "Timor-Leste Time" },
  { "geo": "Asia/Irkutsk", "zone": "Irkutsk Time" },
  { "geo": "Asia/Jayapura", "zone": "East Indonesia Time" },
  { "geo": "Asia/Pyongyang", "zone": "Korea Standard Time" },
  { "geo": "Asia/Seoul", "zone": "Korea Standard Time" },
  { "geo": "Asia/Tokyo", "zone": "Japan Standard Time" },
  { "geo": "Etc/GMT-9", "zone": "GMT+09:00" },
  { "geo": "JST", "zone": "Japan Standard Time" },
  { "geo": "Japan", "zone": "Japan Standard Time" },
  { "geo": "Pacific/Palau", "zone": "Palau Time" },
  { "geo": "ROK", "zone": "Korea Standard Time" },
  { "geo": "ACT", "zone": "Central Standard Time (Northern Territory)" },
  { "geo": "Australia/Adelaide", "zone": "Central Standard Time (South Australia)" },
  { "geo": "Australia/Broken_Hill", "zone": "Central Standard Time (South Australia/New South Wales)" },
  { "geo": "Australia/Darwin", "zone": "Central Standard Time (Northern Territory)" },
  { "geo": "Australia/North", "zone": "Central Standard Time (Northern Territory)" },
  { "geo": "Australia/South", "zone": "Central Standard Time (South Australia)" },
  { "geo": "Australia/Yancowinna", "zone": "Central Standard Time (South Australia/New South Wales)" },
  { "geo": "AET", "zone": "Eastern Standard Time (New South Wales)" },
  { "geo": "Antarctica/DumontDUrville", "zone": "Dumont-d'Urville Time" },
  { "geo": "Asia/Khandyga", "zone": "GMT+10:00" },
  { "geo": "Asia/Yakutsk", "zone": "Yakutsk Time" },
  { "geo": "Australia/ACT", "zone": "Eastern Standard Time (New South Wales)" },
  { "geo": "Australia/Brisbane", "zone": "Eastern Standard Time (Queensland)" },
  { "geo": "Australia/Canberra", "zone": "Eastern Standard Time (New South Wales)" },
  { "geo": "Australia/Currie", "zone": "Eastern Standard Time (New South Wales)" },
  { "geo": "Australia/Hobart", "zone": "Eastern Standard Time (Tasmania)" },
  { "geo": "Australia/Lindeman", "zone": "Eastern Standard Time (Queensland)" },
  { "geo": "Australia/Melbourne", "zone": "Eastern Standard Time (Victoria)" },
  { "geo": "Australia/NSW", "zone": "Eastern Standard Time (New South Wales)" },
  { "geo": "Australia/Queensland", "zone": "Eastern Standard Time (Queensland)" },
  { "geo": "Australia/Sydney", "zone": "Eastern Standard Time (New South Wales)" },
  { "geo": "Australia/Tasmania", "zone": "Eastern Standard Time (Tasmania)" },
  { "geo": "Australia/Victoria", "zone": "Eastern Standard Time (Victoria)" },
  { "geo": "Etc/GMT-10", "zone": "GMT+10:00" },
  { "geo": "Pacific/Chuuk", "zone": "GMT+10:00" },
  { "geo": "Pacific/Guam", "zone": "Chamorro Standard Time" },
  { "geo": "Pacific/Port_Moresby", "zone": "Papua New Guinea Time" },
  { "geo": "Pacific/Saipan", "zone": "Chamorro Standard Time" },
  { "geo": "Pacific/Truk", "zone": "Truk Time" },
  { "geo": "Pacific/Yap", "zone": "Truk Time" },
  { "geo": "Australia/LHI", "zone": "Lord Howe Standard Time" },
  { "geo": "Australia/Lord_Howe", "zone": "Lord Howe Standard Time" },
  { "geo": "Antarctica/Macquarie", "zone": "Macquarie Island Time" },
  { "geo": "Asia/Sakhalin", "zone": "Sakhalin Time" },
  { "geo": "Asia/Ust-Nera", "zone": "GMT+11:00" },
  { "geo": "Asia/Vladivostok", "zone": "Vladivostok Time" },
  { "geo": "Etc/GMT-11", "zone": "GMT+11:00" },
  { "geo": "Pacific/Efate", "zone": "Vanuatu Time" },
  { "geo": "Pacific/Guadalcanal", "zone": "Solomon Is. Time" },
  { "geo": "Pacific/Kosrae", "zone": "Kosrae Time" },
  { "geo": "Pacific/Noumea", "zone": "New Caledonia Time" },
  { "geo": "Pacific/Pohnpei", "zone": "GMT+11:00" },
  { "geo": "Pacific/Ponape", "zone": "Ponape Time" },
  { "geo": "SST", "zone": "Solomon Is. Time" },
  { "geo": "Pacific/Norfolk", "zone": "Norfolk Time" },
  { "geo": "Antarctica/McMurdo", "zone": "New Zealand Standard Time" },
  { "geo": "Antarctica/South_Pole", "zone": "New Zealand Standard Time" },
  { "geo": "Asia/Anadyr", "zone": "Anadyr Time" },
  { "geo": "Asia/Kamchatka", "zone": "Petropavlovsk-Kamchatski Time" },
  { "geo": "Asia/Magadan", "zone": "Magadan Time" },
  { "geo": "Etc/GMT-12", "zone": "GMT+12:00" },
  { "geo": "Kwajalein", "zone": "Marshall Islands Time" },
  { "geo": "NST", "zone": "New Zealand Standard Time" },
  { "geo": "NZ", "zone": "New Zealand Standard Time" },
  { "geo": "Pacific/Auckland", "zone": "New Zealand Standard Time" },
  { "geo": "Pacific/Fiji", "zone": "Fiji Time" },
  { "geo": "Pacific/Funafuti", "zone": "Tuvalu Time" },
  { "geo": "Pacific/Kwajalein", "zone": "Marshall Islands Time" },
  { "geo": "Pacific/Majuro", "zone": "Marshall Islands Time" },
  { "geo": "Pacific/Nauru", "zone": "Nauru Time" },
  { "geo": "Pacific/Tarawa", "zone": "Gilbert Is. Time" },
  { "geo": "Pacific/Wake", "zone": "Wake Time" },
  { "geo": "Pacific/Wallis", "zone": "Wallis & Futuna Time" },
  { "geo": "NZ-CHAT", "zone": "Chatham Standard Time" },
  { "geo": "Pacific/Chatham", "zone": "Chatham Standard Time" },
  { "geo": "Etc/GMT-13", "zone": "GMT+13:00" },
  { "geo": "MIT", "zone": "West Samoa Time" },
  { "geo": "Pacific/Apia", "zone": "West Samoa Time" },
  { "geo": "Pacific/Enderbury", "zone": "Phoenix Is. Time" },
  { "geo": "Pacific/Fakaofo", "zone": "Tokelau Time" },
  { "geo": "Pacific/Tongatapu", "zone": "Tonga Time" },
  { "geo": "Etc/GMT-14", "zone": "GMT+14:00" },
  { "geo": "Pacific/Kiritimati", "zone": "Line Is. Time" }
]
